{"flutter":{"platforms":{"android":{"default":{"projectId":"globo-thegoat","appId":"1:479366756546:android:f079b5eda1149e8a7be35b","fileOutput":"android/app/google-services.json"}},"dart":{"lib/firebase_options.dart":{"projectId":"globo-thegoat","configurations":{"android":"1:479366756546:android:f079b5eda1149e8a7be35b","ios":"1:479366756546:ios:30d83bb798ab16737be35b","macos":"1:479366756546:ios:30d83bb798ab16737be35b","web":"1:479366756546:web:9be683e2e2a3df917be35b","windows":"1:479366756546:web:58112878530455da7be35b"}}}}}}